"https://thecatsite.com/ams/how-to-introduce-a-kitten-to-an-older-cat.33911/", How To Introduce A Kitten To An Older Cat
"https://thecatsite.com/ams/what-to-expect-as-your-cat-ages.33923/", What To Expect As Your Cat Ages
"https://thecatsite.com/ams/23-proven-ways-to-stop-a-cat-from-scratching-furniture.33910/", 23 Proven Ways To Stop A Cat From Scratching Furniture
"https://thecatsite.com/ams/whats-the-largest-cat-litter-box-and-why-your-cat-needs-it.33904/", What's The Largest Cat Litter Box (and Why Your Cat Needs It)
"https://thecatsite.com/ams/renting-with-a-cat-find-out-how-to-keep-your-landlord-happy.33901/", Renting With A Cat? Find Out How To Keep Your Landlord Happy
"https://thecatsite.com/ams/cat-sprayed-by-a-skunk-heres-what-you-need-to-know.33895/", Cat Sprayed By A Skunk? Here's What You Need To Know
"https://thecatsite.com/ams/how-to-get-cat-pee-smell-out-of-clothes-and-linens.33893/", How To Get Cat Pee Smell Out Of Clothes And Linens
"https://thecatsite.com/ams/how-does-catnip-affect-cats.33892/", How Does Catnip Affect Cats?
"https://thecatsite.com/ams/how-to-get-cat-urine-smell-out-of-carpet-effective-non-toxic-solutions.33891/", How To Get Cat Urine Smell Out Of Carpet: Effective, Non-toxic Solutions
"https://thecatsite.com/ams/kitten-proofing-your-home-13-practical-tips.33888/", Kitten Proofing Your Home: 13 Practical Tips
"https://thecatsite.com/ams/9-luxury-cat-beds-that-will-make-your-kitty-purr-with-joy.33879/", 9 Luxury Cat Beds That Will Make Your Kitty Purr With Joy
"https://thecatsite.com/tags/cat-shopping-guide/", cat shopping guide
"https://thecatsite.com/ams/9-tips-that-will-help-your-kitten-adapt-to-a-new-apartment.33871/", 9 Tips That Will Help Your Kitten Adapt To A New Apartment
"https://thecatsite.com/ams/how-to-choose-the-best-name-for-your-new-cat.33876/", How To Choose The Best Name For Your New Cat
"https://thecatsite.com/ams/how-much-time-does-it-take-to-care-for-a-cat.33863/", How Much Time Does It Take To Care For A Cat?
"https://thecatsite.com/ams/how-to-choose-the-best-automatic-litter-box-for-your-cat.33862/", How To Choose The Best Automatic Litter Box For Your Cat
"https://thecatsite.com/tags/litterbox-care/", Litter Box Care
"https://thecatsite.com/ams/selecting-the-best-pet-sitter.33857/", Selecting The Best Pet Sitter
"https://thecatsite.com/tags/pet-sitting/", pet sitting
"https://thecatsite.com/ams/how-to-remove-cat-urine-odor-from-your-home.33856/", How To Remove Cat Urine Odor From Your Home
"https://thecatsite.com/ams/quiz-is-this-dangerous-for-my-cat.33834/", Quiz: Is This Dangerous For My Cat?
"https://thecatsite.com/tags/cat-quiz/", Cat quizzes
"https://thecatsite.com/tags/cat-safety/", Safety issues
"https://thecatsite.com/ams/8-superb-automated-cat-toys-that-youre-going-to-love.33830/", 8 Superb Automated Cat Toys That You're Going To Love!
"https://thecatsite.com/tags/cat-toys/", cat toys
"https://thecatsite.com/ams/cat-trees-12-designs-that-will-make-you-go-wow.33710/", Cat Trees: 12 Designs That Will Make You Go "wow!"
"https://thecatsite.com/tags/cat-furniture/", cat furniture
"https://thecatsite.com/tags/cats-home-environment/", Your cat's environment
"https://thecatsite.com/tags/indoor-cat/", indoor cat
"https://thecatsite.com/tags/keeping-cats-happy/", keeping cats happy
"https://thecatsite.com/ams/why-you-should-never-let-your-cat-hunt.33698/", Why You Should Never Let Your Cat Hunt
"https://thecatsite.com/tags/cats-outdoors/", cats outdoors
"https://thecatsite.com/ams/how-to-make-your-home-bigger-at-least-for-your-cats.33678/", How To Make Your Home Bigger (at Least For Your Cats)
"https://thecatsite.com/ams/first-time-cat-owners-guide.33669/", New cat owner? Start here!
"https://thecatsite.com/tags/new-cat/", new cat
"https://thecatsite.com/ams/15-things-you-should-know-before-adopting-a-cat.33612/", 15 Things You Should Know Before Adopting A Cat
"https://thecatsite.com/ams/16-experts-reveal-the-most-common-litterbox-mistakes-and-how-to-avoid-them.33610/", 16 Experts Reveal The Most Common Litterbox Mistakes (and How To Avoid Them)
"https://thecatsite.com/tags/litterbox-problems/", Litter Box Problems
"https://thecatsite.com/ams/the-cat-safety-quiz.33494/", The Cat Safety Quiz
"https://thecatsite.com/ams/9-grass-growing-kits-that-will-make-your-cat-happy.33489/", 9 Grass Growing Kits That Will Make Your Cat Happy
"https://thecatsite.com/ams/the-litterbox-what-every-cat-owner-needs-to-know.33457/", The Litterbox: What Every Cat Owner Needs To Know
"https://thecatsite.com/ams/15-awesome-cat-caves-that-are-practical-beautiful-and-fun.33454/", 15 Awesome Cat Caves That Are Practical, Beautiful And Fun
"https://thecatsite.com/ams/how-old-do-kittens-have-to-be-to-leave-their-mother.33404/", How Old Do Kittens Have To Be To Leave Their Mother?
"https://thecatsite.com/tags/kittens/", kittens
"https://thecatsite.com/ams/cats-lilies-avoid-the-danger-lurking-in-your-home.33397/", Cats & Lilies: Avoid The Danger Lurking In Your Home
"https://thecatsite.com/ams/the-10-most-common-litterbox-mistakes-cat-owners-make.33395/", The 10 Most Common Litterbox Mistakes Cat Owners Make
"https://thecatsite.com/ams/a-kitten-or-an-older-cat-which-should-you-adopt.33392/", A Kitten Or An Older Cat - Which Should You Adopt?
"https://thecatsite.com/tags/senior-cats/", senior cats
"https://thecatsite.com/ams/how-to-move-with-your-cat-to-a-new-home-in-a-safe-way.33377/", How To Move With Your Cat To A New Home In A Safe Way
"https://thecatsite.com/tags/traveling/", traveling
"https://thecatsite.com/ams/should-i-get-a-kitten-as-a-gift-for-my-kids.33359/", Should I Get A Kitten As A Gift For My Kids?
"https://thecatsite.com/ams/the-five-golden-rules-to-bringing-an-outdoor-cat-inside.33261/", The Five Golden Rules To Bringing An Outdoor Cat Inside
"https://thecatsite.com/ams/11-unique-gifts-that-any-cat-lover-would-love-to-wear.32959/", 11 Unique Gifts That Any Cat Lover Would Love To Wear
"https://thecatsite.com/ams/how-to-safely-dress-up-your-cat-for-halloween.32876/", How To Safely Dress-up Your Cat For Halloween
"https://thecatsite.com/tags/cats-holidays/", cats and holidays
"https://thecatsite.com/ams/how-to-build-a-diy-cat-cave-from-cardboard.32835/", How To Build A Diy Cat Cave From Cardboard
"https://thecatsite.com/ams/how-to-help-a-new-cat-adjust-to-your-home.32804/", How To Help A New Cat Adjust To Your Home
"https://thecatsite.com/ams/new-cat-checklist-what-you-need-to-get-before-bringing-kitty-home.32695/", New Cat Checklist: What You Need To Get Before Bringing Kitty Home
"https://thecatsite.com/ams/quiz-are-you-a-true-litterbox-expert.32618/", Quiz: Are You A True Litterbox Expert?
"https://thecatsite.com/ams/help-my-cat-is-lost.32600/", Help! My Cat Is Lost!
"https://thecatsite.com/ams/how-to-choose-the-right-litterbox.32515/", How To Choose The Right Litterbox
"https://thecatsite.com/ams/11-must-know-tips-to-keep-cats-safe-during-the-holidays.32500/", 11 Must-know Tips To Keep Cats Safe During The Holidays
"https://thecatsite.com/ams/be-kind-to-your-cats-behinds-dirty-cat-butts-prevention-and-treatment.32464/", Be Kind To Your Cats' Behinds! Dirty Cat Butts Prevention And Treatment
"https://thecatsite.com/tags/cat-grooming/", Cat Grooming
"https://thecatsite.com/ams/how-many-litterboxes-should-you-have.32424/", How Many Litterboxes Should You Have?
"https://thecatsite.com/ams/tear-stains-in-cats-including-5-actionable-treatment-tips.32406/", Tear Stains In Cats (including 5 Actionable Treatment Tips)
"https://thecatsite.com/tags/cat-eyes/", cat eyes
"https://thecatsite.com/ams/how-long-can-you-leave-your-cat-alone-for.32402/", How Long Can You Leave Your Cat Alone For?
"https://thecatsite.com/ams/whats-the-ideal-temperature-for-a-cat.32399/", Whatâ€™s The Ideal Temperature For A Cat?
